[
    {
      "id":"AFG6565",
      "model":"Limited RWD",
      "complaint":"Piston Issue",
      "repairDescription":"A knocking noise coming from your bonnet is a classic sign of a dying engine.",
      "customer":"Classic Motors",
      "customerLocation":"Michigan",
      "warrantyEndDate":"Jan 03, 2020",
      "warrantyStatus":"Under warranty",
      "productSerialNo":"5J67F2H56AL006516",
      "notificationNo":"1212125896",
      "repairHistory":[
                            {
                                "notification":"12345678",
                                "repairOrderDate":"Aug 04, 2019",
                                "repairDetails":"Spring Linkage",
                                "replacedPart":"Spring Linkage",
                                "labourHours":"2",
                                "labourCost":"48",
                                "returnRequest":"Yes"
                            },
                            {
                                "notification":"14785236",
                                "repairOrderDate":"June 06, 2018",
                                "repairDetails":"Drier Issue",
                                "replacedPart":"Drier",
                                "labourHours":"4",
                                "labourCost":"50",
                                "returnRequest":"No"
                            },
                            {
                                "notification":"98745632",
                                "repairOrderDate":"Feb 01, 2018",
                                "repairDetails":"Brake Disc Issue",
                                "replacedPart":"Disc",
                                "labourHours":"4",
                                "labourCost":"50",
                                "returnRequest":"No"
                            }
                            
                      ] 
    },
    {
        "id":"AFG7485",
        "model":"200A FWD",
        "complaint":"Driveshaft Issue",
        "repairDescription":"Experiencing a significant shudder when accelerating from low speed or a stopped position.",
        "customer":"Dolphin Dealer Inc.",
        "customerLocation":"Southfield",
        "warrantyEndDate":"Aug 27, 2019",
        "warrantyStatus":"Warranty Expired",
        "productSerialNo":"5J67F2H56AL007485",
        "notificationNo":"1212124858",
        "repairHistory":[
                              {
                                  "notification":"25874125",
                                  "repairOrderDate":"Feb 27, 2019",
                                  "repairDetails":"Engine service",
                                  "replacedPart":"piston Head",
                                  "labourHours":"8",
                                  "labourCost":"65",
                                  "returnRequest":"No"
                              },
                              {
                                  "notification":"12365478",
                                  "repairOrderDate":"June 25, 2018",
                                  "repairDetails":"General Service",
                                  "replacedPart":"Filters",
                                  "labourHours":"2",
                                  "labourCost":"25",
                                  "returnRequest":"No"
                              }
                              
                        ] 
      },
      {
        "id":"AFG1245",
        "model":"200C FWD",
        "complaint":"Driveshaft Issue",
        "repairDescription":"Abnormal noises as the driveshaft U-joints wear out or fail and  driveshaft not rotating correctly.",
        "customer":"Ojara Car Inc.",
        "customerLocation":"London",
        "warrantyEndDate":"Dec 12, 2019",
        "warrantyStatus":"Under Warranty",
        "productSerialNo":"5J67F2H56AL001523",
        "notificationNo":"1212124869",
        "repairHistory":[
                              {
                                  "notification":"74589632",
                                  "repairOrderDate":"June 23, 2019",
                                  "repairDetails":"Exhaust Valve",
                                  "replacedPart":"Valve",
                                  "labourHours":"4",
                                  "labourCost":"40",
                                  "returnRequest":"Yes"
                              }
                        ] 
      },
      {
        "id":"AFG7858",
        "model":"Limited AWD",
        "complaint":"Brake Shoe Issue",
        "repairDescription":"Grinding sound as the metal backing plate rubs against the drum",
        "customer":"T2T",
        "customerLocation":"Madrid",
        "warrantyEndDate":"Feb 04, 2020",
        "warrantyStatus":"Under Warranty",
        "productSerialNo":"5J67F2H56AL001858",
        "notificationNo":"1212121252",
        "repairHistory":[
                              {
                                  "notification":"36521478",
                                  "repairOrderDate":"Dec 20, 2018",
                                  "repairDetails":"General Service",
                                  "replacedPart":"Oil Change",
                                  "labourHours":"3",
                                  "labourCost":"15",
                                  "returnRequest":"No"
                              },
                              {
                                  "notification":"74589631",
                                  "repairOrderDate":"Jan 11, 2017",
                                  "repairDetails":"Fuel pump damage",
                                  "replacedPart":"Fuel pump",
                                  "labourHours":"8",
                                  "labourCost":"49",
                                  "returnRequest":"Yes"
                              }
                              
                        ] 
      },
      {
        "id":"AFG3698",
        "model":"200C FWD",
        "complaint":"Piston Issue",
        "repairDescription":"Piston rings are worn out and oil will began to leak into the combustion chamber. ",
        "customer":"Classic Motors",
        "customerLocation":"Newcastle",
        "warrantyEndDate":"April 11, 2020",
        "warrantyStatus":"Under Warranty",
        "productSerialNo":"5J67F2H56AL007845",
        "notificationNo":"1212121258",
        "repairHistory":[
                              {
                                  "notification":"15975364",
                                  "repairOrderDate":"Aug 11, 2019",
                                  "repairDetails":"Filter replacement",
                                  "replacedPart":"Air filter",
                                  "labourHours":"2",
                                  "labourCost":"10",
                                  "returnRequest":"No"
                              },
                              {
                                  "notification":"95135785",
                                  "repairOrderDate":"Sep 12, 2018",
                                  "repairDetails":"A/C vent",
                                  "replacedPart":"Nozzle pump",
                                  "labourHours":"5",
                                  "labourCost":"40",
                                  "returnRequest":"No"
                              }
                        ] 
      },
      {
        "id":"AFG7896",
        "model":"Limited RWD",
        "complaint":"Brake Shoe Issue",
        "repairDescription":"Grinding sound as the metal backing plate rubs against the drum.",
        "customer":"Bespoke Motor Group",
        "customerLocation":"Manchester",
        "warrantyEndDate":"Nov 28, 2020",
        "warrantyStatus":"Under Warranty",
        "productSerialNo":"5J67F2H56AL007863",
        "notificationNo":"1212124785",
        "repairHistory":[
                              {
                                  "notification":"14785258",
                                  "repairOrderDate":"June 12, 2019",
                                  "repairDetails":"A/C vent",
                                  "replacedPart":"Coolant valve",
                                  "labourHours":"3",
                                  "labourCost":"30",
                                  "returnRequest":"No"
                              }
                              
                        ] 
      }
]