[
    {
        "debitMemoNo":"2000958",
        "purchaseOrderNo":"200005030",
        "supplier":"BorgWarner Inc",
        "product":"AC filter",
        "quantity":"2",
        "claimValue":"70.00",
        "netValue":"68.45",
        "claimNo":"W78765",
        "itemNo":"10",
        "description":"AC Filter 16*20*1",
        "billingDate":"Jan 22, 2019",
        "serviceRenderedDate":"Aug 15, 2019",
        "pricingDate":"Jan 17, 2019"
    },
    {
        "debitMemoNo":"5667890",
        "purchaseOrderNo":"700000837",
        "supplier":"TRW Automotive",
        "product":"Brake Disc",
        "quantity":"1",
        "claimValue":"36.00",
        "netValue":"34.00",
        "claimNo":"W78393",
        "itemNo":"8",
        "description":"Brake Disc Plate 10mm",
        "billingDate":"Sep 18, 2019",
        "serviceRenderedDate":"Sep 30, 2019",
        "pricingDate":"Aug 14, 2019"
    },
    {
        "debitMemoNo":"5673445",
        "purchaseOrderNo":"900004567",
        "supplier":"Callaway Cars",
        "product":"Brake Piston",
        "quantity":"1",
        "claimValue":"45.00",
        "netValue":"45.00",
        "claimNo":"W86759",
        "itemNo":"2",
        "description":"Piston CI-285",
        "billingDate":"May 12, 2019",
        "serviceRenderedDate":"Sep 11, 2019",
        "pricingDate":"April 10, 2019"
    },
    {
        "debitMemoNo":"20000567",
        "purchaseOrderNo":"700004356",
        "supplier":"Federal-Mogul",
        "product":"Engine Coil Spring",
        "quantity":"3",
        "claimValue":"156.00",
        "netValue":"156.00",
        "claimNo":"W98343",
        "itemNo":"5",
        "description":"Telescopic Spring",
        "billingDate":"Feb 28, 2019",
        "serviceRenderedDate":"Sep 30, 2019",
        "pricingDate":"Jan 10, 2019"
    },
    {
        "debitMemoNo":"3006788",
        "purchaseOrderNo":"600004536",
        "supplier":"Gentex Corporation",
        "product":"Drivetrain Valve",
        "quantity":"1",
        "claimValue":"60.00",
        "netValue":"34.00",
        "claimNo":"W34987",
        "itemNo":"4",
        "description":"Valve nozzle 16mm",
        "billingDate":"May 22, 2019",
        "serviceRenderedDate":"Aug 21, 2019",
        "pricingDate":"April 10, 2019"
    }
]