[
    {
        "creditMemoNo":"2000958",
        "purchaseOrderNo":"2005454",
        "customer":"Dolphin Dealer Inc",
        "product":"AC Filter",
        "quantity":"2",
        "netValue":"50.45",
        "claimValue":"70.00",
        "claimNo":"W67767",
        "itemNo":"10",
        "description":"AC Filter 16*20*1",
        "billingDate":"May 27, 2019",
        "serviceRenderedDate":"Aug 22, 2019",
        "pricingDate":"April 10, 2019"
    },
    {
        "creditMemoNo":"5667854",
        "purchaseOrderNo":"700002545",
        "customer":"Ojara Car Inc",
        "product":"Brake Disc",
        "quantity":"1",
        "netValue":"40.00",
        "claimValue":"36.00",
        "claimNo":"W85458",
        "itemNo":"W23423",
        "description":"Disc Plate 14mm",
        "billingDate":"Aug 21, 2019",
        "serviceRenderedDate":"Sep 10, 2019",
        "pricingDate":"April 01, 2019"
    },
    {
        "creditMemoNo":"5673445",
        "purchaseOrderNo":"900004567",
        "customer":"T2T",
        "product":"Brake Piston",
        "quantity":"1",
        "netValue":"45.00",
        "claimValue":"45.00",
        "claimNo":"W87458",
        "itemNo":"5",
        "description":"Piston Ring",
        "billingDate":"May 29, 2019",
        "serviceRenderedDate":"Sep 06, 2019",
        "pricingDate":"April 11, 2019"
    },
    {
        "creditMemoNo":"2000567",
        "purchaseOrderNo":"700004356",
        "customer":"Classic Motors",
        "product":"Engine Coil Spring",
        "quantity":"3",
        "netValue":"109.00",
        "claimValue":"156.00",
        "claimNo":"W87459",
        "itemNo":"3",
        "description":"Spring Valve",
        "billingDate":"Jan 22, 2019",
        "serviceRenderedDate":"Sep 11, 2019",
        "pricingDate":"Dec 10, 2018"
    },
    {
        "creditMemoNo":"3006788",
        "purchaseOrderNo":"600004536",
        "customer":"Gentex Corporation",
        "product":"Drivetrain Valve",
        "quantity":"5",
        "netValue":"34.00",
        "claimValue":"60.00",
        "claimNo":"W84625",
        "itemNo":"8",
        "description":"Valve Nozzle",
        "billingDate":"Dec 22, 2018",
        "serviceRenderedDate":"Aug 11, 2019",
        "pricingDate":"April 10, 2018"
    }
]