[
    {
        "id": "ID-1010101",
        "service": "Brake Service",	
        "description": "Brake Shoe Issue: Grinding sound as the metal backing plate rubs against the drum.",
        "percentage": "80",
        "status": "On Track",
        "StartDate": "Mar 22, 2019",
        "vin":"1FMZU73K72UD31148",
        "EndDate":"Oct 10,2019",
        "lastUpdated": "Sep 17, 2019",
        "serviceDetail": "Assigned",
        "estimatedDate": "Sept 29, 2019",
        "referenceDate": "Mar 22, 2019",
        "updatedBy": "Classic motors",
        "breakDownDate": "May 13, 2019",
        "breakDownTime": "23:00",
        "material": "USCU-L01",
        "materialDescription": "Brake Shoe",
        "totalAmount": "140.00",
        "totalMaterial": "120.00",
        "totalLabour": "20.00",
        "totalExternal": "0.00"
    },
    {
        "id": "ID-1010102",
        "service": "Engine Service",
        "description": "Piston Issue: Piston rings are worn out or the valve seal is broken, oil will begin to leak into the combustion chamber.",
        "percentage": "20",
        "vin":"2HSCEAHR55C176847",
        "status": "vinr Due",
        "StartDate": "Jan 12, 2019",
        "EndDate":"Aug 20, 2019",
        "lastUpdated": "Aug 25, 2019",
        "serviceDetail": "Under Assessment",
        "estimatedDate": "Mar 21, 2019",
        "referenceDate": "Jan 12, 2019",
        "updatedBy": "Classic motors",
        "breakDownDate": "May 13, 2019",
        "breakDownTime": "09:00",
        "material": "USCU-L01",
        "materialDescription": "Piston",
        "totalAmount": "500.00",
        "totalMaterial": "320.00",
        "totalLabour": "50.00",
        "totalExternal": "130.00"
    },
    {
        "id": "ID-1010103",
        "service": "Drivetrain Service",   
        "description": "Driveshaft issue: Abnormal noises as the driveshaft U-joints wear out or fail and  driveshaft not rotating correctly.",
        "percentage": "50",
        "vin":"1C6RR6LT9ES225493",
        "status": "Potential Delay",
        "StartDate": "March 19, 2019",
        "EndDate":"Sep 25, 2019",
        "lastUpdated": "Sep 09, 2018",
        "serviceDetail": "Service Order Created",
        "estimatedDate": "Jun 21, 2019",
        "referenceDate": "March 19, 2019",
        "updatedBy": "Classic motors",
        "breakDownDate": "May 13, 2019",
        "breakDownTime": "09:00",
        "material": "USCU-L01",
        "materialDescription": "Driveshaft",
        "totalAmount": "200.00",
        "totalMaterial": "20.00",
        "totalLabour": "150.00",
        "totalExternal": "30.00"
    },
    {
        "id": "ID-1010104",
        "service": "Drivetrain Service",
        "description": "Driveshaft Issue: Experiencing a significant shudder when accelerating from low speed or a stopped position.",
        "percentage": "60",
        "vin":"1GCVKREC6EZ318621",
        "status": "On Track",
        "StartDate": "Aug 22, 2019 ",
        "EndDate":"Dec 10,2019",
        "lastUpdated": "Sep 05, 2019",
        "serviceDetail": "Assigned",
        "estimatedDate": "Dec 16, 2019",
        "referenceDate": "Aug 25, 2019",
        "updatedBy": "Boeing",
        "breakDownDate": "May 13, 2019",
        "breakDownTime": "09:00",
        "material": "USCU-L01",
        "materialDescription": "Driveshaft",
        "totalAmount": "200.00",
        "totalMaterial": "20.00",
        "totalLabour": "150.00",
        "totalExternal": "30.00"
    },
    {
        "id": "ID-1010105",
        "service": "Engine Service",
        "description": " Piston Issue: A knocking noise coming from your bonnet is a classic sign of a dying engine.",
        "percentage": "80",
        "vin":"1FTRW12W38FB86722",
        "status": "On Track",
        "StartDate": "Mar 22, 2019",
        "EndDate":" Oct 10,2019",
        "lastUpdated": "Sep 09, 2019",
        "serviceDetail": "Under Assessment",
        "estimatedDate": "Oct 19, 2019",
        "referenceDate": "Mar 25, 2019",
        "updatedBy": "Indian motors",
        "breakDownDate": "May 13, 2019",
        "breakDownTime": "09:00",
        "material": "USCU-L01",
        "materialDescription": "Piston",
        "totalAmount": "200.00",
        "totalMaterial": "20.00",
        "totalLabour": "150.00",
        "totalExternal": "30.00"
    },
    {
        "id": "ID-1010106",
        "service": "Engine Service",    
        "description": "Piston Issue: Piston rings are worn out and oil will began to leak into the combustion chamber.",
        "percentage": "100",
        "vin":"1FTQW12W38GB86792",
        "status": "Completed",
        "StartDate": "Feb 12, 2019",
        "EndDate":"Sep 12,2019",
        "lastUpdated": "Sep 12, 2019",
        "serviceDetail": "Assigned",
        "estimatedDate": "Feb 12, 2019",
        "referenceDate": "Sep 21, 2019",
        "updatedBy": "Duke",
        "breakDownDate": "Jan 11, 2019",
        "breakDownTime": "13:00",
        "material": "USCU-L01",
        "materialDescription": "Valve replaced",
        "totalAmount": "340.00",
        "totalMaterial": "220.00",
        "totalLabour": "100.00",
        "totalExternal": "20.00"
    },
    {
        "id": "ID-1010107",
        "service": "Drivetrain Service",
        "description": "Driveshaft Issue: Experiencing a significant shudder when accelerating from low speed or a stopped position.",
        "percentage": "100",
        "vin":"1FTRY12W38FG86788",
        "status": "Completed",
        "StartDate": "Jan 12, 2019",
        "EndDate":"Jun 02,2019",
        "lastUpdated": "Jun 03, 2019",
        "serviceDetail": "Assigned",
        "estimatedDate": "Jan 12, 2019",
        "referenceDate": "Jun 25, 2019",
        "updatedBy": "Duke",
        "breakDownDate": "Jan 11, 2019",
        "breakDownTime": "13:00",
        "material": "USCU-L01",
        "materialDescription": "Valve replaced",
        "totalAmount": "340.00",
        "totalMaterial": "220.00",
        "totalLabour": "100.00",
        "totalExternal": "20.00"
    },
    {
        "id": "ID-1010100",
        "service": "Engine Service",
        "description": "Piston Issue: Piston rings are worn out or the valve seal is broken, oil will begin to leak into the combustion chamber.",
        "percentage": "100",
        "vin":"1FTRW12W38FA86799",
        "status": "Completed",
        "StartDate": "Feb 12, 2019",
        "EndDate":"July 20,2019",
        "lastUpdated": "July 23, 2019",
        "serviceDetail": "Assigned",
        "estimatedDate": "July 21, 2019",
        "referenceDate": "Feb 12, 2019",
        "updatedBy": "Duke",
        "breakDownDate": "Jan 11, 2018",
        "breakDownTime": "13:00",
        "material": "USCU-L01",
        "materialDescription": "Valve replaced",
        "totalAmount": "340.00",
        "totalMaterial": "220.00",
        "totalLabour": "100.00",
        "totalExternal": "20.00"
    }

]