[
    {
        "id": "2010101567",
        "product": "Brake Pads",
        "registerDate":"Jan 4, 2019",
        "endDate":"Jan 3, 2020",
        "warrantyStatus": "Under Warranty",
        "warrantytype":"Standard",
        "registed": "Auto Registered",
        "description": "Brake Pads: Brake pads are the friction elements which provides better braking performance.",
        "status": "Yes",
        "registeredBy": "xyz",
        "purchaseDate": "Jan 04, 2019",
        "purchaseLocation": "New York"
    },
    {
        "id": "2010101568",
        "product": "Clockspring",
        "registerDate":"Dec 4, 2018",
        "endDate":"Dec 3, 2019",
        "warrantyStatus": "Under Warranty",
        "warrantytype":"Extended",
        "registed": "Not Registered",
        "description": "Clockspring: Airbag clock spring is used to connect the steering wheel to other electrical devices such as the airbag safety system.",
        "status": "No",
        "registeredBy": "xyz",
        "purchaseDate": "Dec 4, 2018",
        "purchaseLocation": "Los Angeles"
    },
    {
        "id": "2010101569",
        "product": "Engine Piston",
        "registerDate":"Sep 28, 2018",
        "endDate":"Sep 29, 2019",
        "warrantyStatus": "Under Warranty",
        "warrantytype":"Standard",
        "registed": "Auto Registered",
        "description": "Engine Piston: Engine component  for compressing or ejecting the fluid in the cylinder.",
        "status": "Yes",
        "registeredBy": "xyz",
        "purchaseDate": "Sep 8, 2018",
        "purchaseLocation": "San Fransisco"
    },
    {
        "id": "2010101570",
        "product": "AC Filter",
        "registerDate":"June 10, 2018",
        "endDate":"June 11, 2019",
        "warrantyStatus": "Out of Warranty",
        "warrantytype":"Standard",
        "registed": "Manually Registered",
        "description": "AC Filter: AC filters removes contaminants from the air that is ventilated through the vehicle's air conditioning system.. ",
        "status": "Yes",
        "registeredBy": "xyz",
        "purchaseDate": "June 10, 2017",
        "purchaseLocation": "Boston"
    },
    {
        "id": "2010101571",
        "product": "Valve train ",
        "registerDate":"Mar 14, 2017",
        "endDate":"Mar 15, 2018",
        "warrantyStatus": "Out of Warranty",
        "warrantytype":"Extended",
        "registed": "Auto Registered",
        "description": "Valve train: Valve train controls operation of the valves in an internal combustion engin.",
        "status": "Yes",
        "registeredBy": "xyz",
        "purchaseDate": "Mar 8, 2017",
        "purchaseLocation": "Austin"
    },
    {
        "id": "2010101573",
        "product": "Brake shoe",
        "registerDate":"July 11, 2016",
        "endDate":"July 10, 2017",
        "warrantyStatus": "Out of Warranty",
        "warrantytype":"Extended",
        "registed": "Not Registered",
        "description": "Brake shoe: Brake shoes are a part of the braking system which carries the brake lining in the drum brakes used in automobiles.",
        "status": "No ",
        "registeredBy": "xyz",
        "purchaseDate": "July 11, 2015",
        "purchaseLocation": "San Diego"
    }
]