[
    {
        "id": "ID-1010101",
        "claims": "Engine",
        "oem": "Chrysler",
        "problemDescription": " Piston Issue: A knocking noise coming from your bonnet is a classic sign of a dying engine.",
        "percentage": "20",
        "status": "Over Due",
        "lastUpdated": "Dec 03, 2018",
        "action": "Proof of defective part",
        "estimatedDate": "Jan 11, 2019",
        "createdOn": "Oct 11, 2018",
        "updatedBy": "Duke",
        "authorNo": "AUT001",
        "name": "Dew",
        "partner": "6709900101",
        "material": "USCU-L01",
        "totalAmount": "340.00",
        "totalMaterial": "220.00",
        "totalLabour": "100.00",
        "totalExternal": "20.00"
    },
    {
        "id": "ID-1010105",
        "claims": "Drivetrain",
        "oem": "General Motors",
        "problemDescription": "Driveshaft Issue: Experiencing a significant shudder when accelerating from low speed or a stopped position.",
        "percentage": "50",
        "status": "On Track",
        "lastUpdated": "Sep 24, 2019",
        "action": "Proof of defective part",
        "estimatedDate": "Oct 11, 2019",
        "createdOn": "Sep 11, 2019",
        "updatedBy": "BNM",
        "authorNo": "AUT007",
        "name": "ASD",
        "partner": "6709900101",
        "material": "USCU-L08",
        "totalAmount": "340.00",
        "totalMaterial": "220.00",
        "totalLabour": "100.00",
        "totalExternal": "20.00"
    },
    {
        "id": "ID-1010104",
        "claims": "Drivetrain",  
        "oem": "Boeing", 
        "problemDescription": "Driveshaft Issue: Abnormal noises as the driveshaft U-joints wear out or fail and  driveshaft not rotating correctly.",
        "percentage": "70",
        "status": "Potential Delay",
        "lastUpdated": "Jan 09, 2019",
        "action": "Proof of defective part",
        "estimatedDate": "Dec 11, 2019",
        "createdOn": "Mar 11, 2019",
        "updatedBy": "DERF",
        "authorNo": "AUT004",
        "name": "QWE",
        "partner": "6709900101",
        "material": "USCU-L05",
        "totalAmount": "620.00",
        "totalMaterial": "220.00",
        "totalLabour": "400.00",
        "totalExternal": "0.00"
    },
    {
        "id": "ID-1010102",
        "claims": "Brake",	
        "oem": "General Motors",
        "problemDescription": "Brake Shoe Issue: Grinding sound as the metal backing plate rubs against the drum.",
        "percentage": "24",
        "status": "Over Due",
        "lastUpdated": "Aug 12, 2019",
        "action": "Proof of defective part",
        "estimatedDate": "Sep 12, 2017",
        "createdOn": "June 11, 2017",
        "updatedBy": "Boeing",
        "authorNo": "AUT002",
        "name": "John",
        "partner": "6708800101",
        "material": "USCU-L02",
        "totalAmount": "900.00",
        "totalMaterial": "620.00",
        "totalLabour": "200.00",
        "totalExternal": "80.00"
    },
    {
        "id": "ID-1010106",
        "claims": "Engine",
        "oem": "Classic Motors",
        "problemDescription": "Piston Issue: Piston rings are worn out and oil will began to leak into the combustion chamber.",
        "percentage": "60",
        "status": "On Track",
        "lastUpdated": "Sep 12, 2019",
        "action": "Proof of defective part",
        "estimatedDate": "Oct 11, 2019",
        "createdOn": "Aug 01, 2019",
        "updatedBy": "NMJ",
        "authorNo": "AUT008",
        "name": "Dew",
        "partner": "6709900101",
        "material": "USCU-L01",
        "totalAmount": "340.00",
        "totalMaterial": "220.00",
        "totalLabour": "100.00",
        "totalExternal": "20.00"
    },
    {
        "id": "ID-1010103",
        "claims": "Classic Motors",	
        "oem": "Chrysler",
        "problemDescription": "Brake Shoe Issue: Grinding sound as the metal backing plate rubs against the drum.",
        "percentage": "100",
        "status": "Completed",
        "lastUpdated": "Sept 10, 2019",
        "action": "Proof of defective part",
        "estimatedDate": "sept 10, 2019",
        "createdOn": "Jul 10, 2019",
        "updatedBy": "XYZ",
        "authorNo": "AUT003",
        "name": "ABC",
        "partner": "6709900101",
        "material": "USCU-L03",
        "totalAmount": "400.00",
        "totalMaterial": "220.00",
        "totalLabour": "100.00",
        "totalExternal": "80.00"
    }
]