[
    {
        "id":"1002102",
        "claimNo":"1000002284",
        "supplierName":"Borg Warner Inc.",
        "serviceType":"A/C",
        "casualPart":"Filter",
        "status":"Approved",
        "lastUpdated":"July 09,2019",
        "recoveryManager":"abc",
        "failuredate":"Jan 11, 2019",
        "repairDate":"Jan 13, 2019",
        "failureDescription":"Impurities settlement"
    },
    {
        "id":"1002106",
        "claimNo":"1000002545",
        "supplierName":"TRW Automotive",
        "serviceType":"Brake",
        "casualPart":"Disc Brake",
        "status":"Waiting for Approval",
        "lastUpdated":"June 28, 2019",
        "recoveryManager":"def",
        "failuredate":"Aug 23, 2018",
        "repairDate":"Aug 27, 2018",
        "failureDescription":"Worn out"
    },
    {
        "id":"1002103",
        "claimNo":"1000002687",
        "supplierName":"Callaway Cars",
        "serviceType":"Drive Train",
        "casualPart":"Shaft",
        "status":"Dispute",
        "lastUpdated":"Aug 22, 2019",
        "recoveryManager":"ghi",
        "failuredate":"Feb 22, 2019",
        "repairDate":"Feb 28, 2019",
        "failureDescription":"Torsion in Shaft"
    },
    {
        "id":"1002105",
        "claimNo":"1000004384",
        "supplierName":"Federal-Mogul",
        "serviceType":"Engine",
        "casualPart":"Piston",
        "status":"Dispute",
        "lastUpdated":"June 4, 2019",
        "recoveryManager":"jkl",
        "failuredate":"May 11, 2019",
        "repairDate":"May 24, 2019",
        "failureDescription":"piston head"
    },
    {
        "id":"1002104",
        "claimNo":"1000006774",
        "supplierName":"Gentex Corporate",
        "serviceType":"Airbag",
        "casualPart":"Sensor",
        "status":"Approved",
        "lastUpdated":"July 17, 2019",
        "recoveryManager":"mno",
        "failuredate":"March 11, 2018",
        "repairDate":"March 12, 2018",
        "failureDescription":"Replaced"

    }
]