[
    {
        "returnOrderNo":"300400",
        "claimNo":"316015751",
        "productSerialNo":"JTDKNDU0E1742280",
        "venderNo":"100002",
        "returnMaterial":"Filter",
        "status":"Under Inspection",
        "lastUpdated":"Jul 09, 2019",
        "orderQty":"1",
        "netValue":"130",
        "itemNo":"2",
        "batchNo":"W1167",
        "returnReason":"Damaged product",
        "inspectionCode":"2",
        "refundType":"Bank Transfer",
        "refundControl":"abc"


    },
    {
        "returnOrderNo":"300509",
        "claimNo":"316014423",
        "productSerialNo":"5N1AN0NW8BC523024",
        "venderNo":"240005",
        "returnMaterial":"Brake Disc",
        "status":"Send For Inspection",
        "lastUpdated":"Jul 28, 2019",
        "orderQty":"1",
        "netValue":"120",
        "itemNo":"3",
        "batchNo":"W3324",
        "returnReason":"Quality",
        "inspectionCode":"1",
        "refundType":"Cash",
        "refundControl":"def"
    },
    {
        "returnOrderNo":"300987",
        "claimNo":"316044137",
        "productSerialNo":"1G2ZFR0144354",
        "venderNo":"56007",
        "returnMaterial":"Shaft",
        "status":"Inspection Completed",
        "lastUpdated":"Aug 22, 2019",
        "orderQty":"1",
        "netValue":"90",
        "itemNo":"4",
        "batchNo":"W3121",
        "returnReason":"Quality",
        "inspectionCode":"2",
        "refundType":"Bank Transfer",
        "refundControl":"fgh"
    },
    {
        "returnOrderNo":"300243",
        "claimNo":"316044553",
        "productSerialNo":"JTDKNDU0E148548",
        "venderNo":"450008",
        "returnMaterial":"Piston",
        "status":"Under Inspection",
        "lastUpdated":"June 04, 2019",
        "orderQty":"3",
        "netValue":"150",
        "itemNo":"5",
        "batchNo":"W8787",
        "returnReason":"Brand",
        "inspectionCode":"4",
        "refundType":"Cash",
        "refundControl":"hhh"
    },
    {   "returnOrderNo":"300567",
        "claimNo":"300000152",
        "productSerialNo":"JTDKNDU0E17748596",
        "venderNo":"543001",
        "returnMaterial":"Sensor",
        "status":"Send for Inspection",
        "lastUpdated":"Jul 16, 2019",
        "orderQty":"1",
        "netValue":"130",
        "itemNo":"6",
        "batchNo":"W7845",
        "returnReason":"Damaged",
        "inspectionCode":"4",
        "refundType":"Bank Transfer",
        "refundControl":"jkl"
    }
]