[
    {   
        "id":"15645787",
        "product":"Valve Train",
        "warrantyPolicy":"W2142 77241",
        "warrantyType":"Standard",
        "warrantyStartDate":"Jan 04, 2019",
        "warrantyEndDate":"Jan 03, 2020",
        "status":"Under Warranty"
    },
    {   
        "id":"28547865",
        "product":"Filter",
        "warrantyPolicy":"W2142 77242",
        "warrantyType":"Extended",
        "warrantyStartDate":"Dec 18,2018",
        "warrantyEndDate":"Dec 17,2019",
        "status":"Under Warranty"
    },
    {
        "id":"51452369",
        "product":"Alternator",
        "warrantyPolicy":"W2142 77245",
        "warrantyType":"Extended",
        "warrantyStartDate":"July 11, 2018",
        "warrantyEndDate":"July 10,2019",
        "status":"Warranty Expired"
    },
    {
        "id":"31598563",
        "product":"Air Fitting valve",
        "warrantyPolicy":"W2142 77243",
        "warrantyType":"Extended",
        "warrantyStartDate":"Nov 23, 2018",
        "warrantyEndDate":"Nov 22, 2019",
        "status":"Under Warranty"
    },
    {
        "id":"67458963",
        "product":"Brake Rotter",
        "warrantyPolicy":"W2142 77246",
        "warrantyType":"Extended",
        "warrantyStartDate":"Aug 22, 2018",
        "warrantyEndDate":"Aug 21, 2019",
        "status":"Warranty Expired"
    },
    {
        "id":"47458963",
        "product":"Drive Shaft",
        "warrantyPolicy":"W2142 77244",
        "warrantyType":"Standard",
        "warrantyStartDate":"Oct 11, 2018",
        "warrantyEndDate":"Oct 10, 2019",
        "status":"Under Warranty"
    },
    {
        "id":"71456985",
        "product":"Oil Filter",
        "warrantyPolicy":"W2142 77247",
        "warrantyType":"Extended",
        "warrantyStartDate":"May 11, 2018",
        "warrantyEndDate":"May 10, 2019",
        "status":"Warranty Expired"
    },
    {
        "id":"78545268",
        "product":"Fuel pump",
        "warrantyPolicy":"W2142 77248",
        "warrantyType":"Standard",
        "warrantyStartDate":"April 30, 2018",
        "warrantyEndDate":"April 29, 2019",
        "status":"Warranty Expired"
    }
]